PRAGMA foreign_keys=OFF;
BEGIN TRANSACTION;
CREATE TABLE 'users' (
"id" INTEGER PRIMARY KEY AUTOINCREMENT,
"email" TEXT NOT NULL UNIQUE,
"password" NOT NULL,
"salt" NOT NULL,
"created" DEFAULT (DATETIME('now')),
"first_name" DEFAULT '',
"last_name" DEFAULT ''
);
INSERT INTO "users" VALUES(1,'hue@example.com','ArrGeeBee','#000','2009-02-13 23:31:30','Hugh','Engleman');
INSERT INTO "users" VALUES(2,'ldubin@example.com','vowelcap5','Bs;M','2009-02-21 08:11:47','Liza','Dubin');
INSERT INTO "users" VALUES(3,'DIacovelli@example.com','hen3tell4','6Vt`','2009-02-27 06:19:58','Darren','Iacovelli');
INSERT INTO "users" VALUES(4,'link@example.com','iplaymario','h3ro','2009-03-04 18:24:11','Zelma','Gaebora');
INSERT INTO "users" VALUES(5,'couch@example.com','sock8exist8','H0t#','2009-03-08 04:23:19','Sofia','Kleiman');
INSERT INTO "users" VALUES(6,'inky@example.com','wrist2skirt8','eaBX','2009-03-08 08:20:08','Earnestine','Varnes');
INSERT INTO "users" VALUES(7,'firesomething@example.com','iprefersafari','!IE6','2009-03-12 12:50:46','Moe','Zilla');
INSERT INTO "users" VALUES(8,'JHeinen@example.com','bar8half','M}w%','2009-03-19 00:22:26','Jeanie','Heinen');
INSERT INTO "users" VALUES(9,'LLeander@example.com','hastypress','0e;Y','2009-03-22 11:29:47','Loraine','Leander');
INSERT INTO "users" VALUES(10,'noreply@example.com','1/4imaginarybase:=2i',2.56,'2009-03-26 09:45:27','Donald','Knuth');
INSERT INTO "users" VALUES(11,'LWoodside@example.com','spoon6part9','sQ(,','2009-04-01 09:07:04','Liza','Woodside');
INSERT INTO "users" VALUES(12,'kettle@example.com','no3laws','at0m','2009-04-01 22:12:14','Andrew','Harlan');
INSERT INTO "users" VALUES(13,'EMishler@example.com','room3metal6','*mlP','2009-04-04 10:47:59','Erik','Mishler');
INSERT INTO "users" VALUES(14,'SLappin@example.com','existpoem3',']y4C','2009-04-07 13:44:29','Sofia','Lappin');
INSERT INTO "users" VALUES(15,'alttag@example.com','bake5glad',']x8P','2009-04-12 03:22:47','Tom','Gregory');
INSERT INTO "users" VALUES(16,'blinky@example.com','readsleep6','GJBy','2009-04-13 17:49:42','Louisa','Getter');
INSERT INTO "users" VALUES(17,'math@example.com','rithmaticrulez','2+2=','2009-04-16 20:44:49','Tuatua','Isafoa');
INSERT INTO "users" VALUES(18,'EAshlock@example.com','replyjust9','YNi>','2009-04-17 08:27:20','Emilia','Ashlock');
INSERT INTO "users" VALUES(19,'LBrion@example.com','agojelly','VvBs','2009-04-19 22:15:58','Lenore','Brion');
INSERT INTO "users" VALUES(20,'JManjarrez@example.com','cap5their','l''|V','2009-04-23 01:12:55','Jerri','Manjarrez');
INSERT INTO "users" VALUES(21,'notvincent@example.com','speak3wake6','!l&o','2009-04-30 06:08:35','Lonnie','D''Onofrio');
INSERT INTO "users" VALUES(22,'MGosser@example.com','belt8nylon','rY7q','2009-05-03 20:31:28','Malinda','Gosser');
INSERT INTO "users" VALUES(23,'gnuworldorder@example.com','dualblades344','foss','2009-05-09 03:55:38','Rich','Stallman');
INSERT INTO "users" VALUES(24,'wildeep@example.com','bringbackflyingtoasters','m7-9','2009-05-16 06:31:22','Haun','Reekes');
INSERT INTO "users" VALUES(25,'MAraki@example.com','cheap6scene3',']r}H','2009-05-18 10:32:41','Margery','Araki');
INSERT INTO "users" VALUES(26,'uber@example.com','It wasn''t Al Gore','1KBE','2009-05-22 05:58:39','Tim','Lee');
INSERT INTO "users" VALUES(27,'ESallis@example.com','urgeyet3','kz3z','2009-05-25 18:05:21','Erik','Sallis');
INSERT INTO "users" VALUES(28,'pinky@example.com','sheep5ship5','y8g`','2009-05-30 01:26:37','Lilia','Fullbright');
INSERT INTO "users" VALUES(29,'ALanctot@example.com','cartunite3','Y1a7','2009-05-31 20:19:47','Alejandra','Lanctot');
INSERT INTO "users" VALUES(30,'NOgara@example.com','rush9sixth4','.PP0','2009-06-01 06:38:20','Neil','Ogara');
INSERT INTO "users" VALUES(31,'sly@example.com','towerpiece5','K>NA','2009-06-02 10:29:01','Hugh','Sangster');
INSERT INTO "users" VALUES(32,'RFrancis@example.com','wall6king4','N&+*','2009-06-10 05:42:35','Randy','Francis');
INSERT INTO "users" VALUES(33,'JOsborn@example.com','taxi3means','}"]H','2009-06-18 00:41:24','Johnny','Osborn');
INSERT INTO "users" VALUES(34,'JWilson@example.com','track8eager8','Kvh0','2009-06-25 02:40:15','Jonathan','Wilson');
INSERT INTO "users" VALUES(35,'injection@example.com','exploitsofamom327',1337,'2009-06-30 09:58:02','Bobby','Tables');
INSERT INTO "users" VALUES(36,'etheregg@example.com','putyou2sleep','n2o!','2009-07-03 14:55:59','Joseph','Clover');
INSERT INTO "users" VALUES(37,'MSantacruz@example.com','giftsuit4','P98&','2009-07-10 20:51:39','Marie','Santacruz');
INSERT INTO "users" VALUES(38,'JEdmondson@example.com','beak3wish7','<L1G','2009-07-12 08:40:03','Jose','Edmondson');
INSERT INTO "users" VALUES(39,'hermit@example.com','muchbiggerthantexas','<3AK','2009-07-14 01:09:39','Jeffery','McKinley');
INSERT INTO "users" VALUES(40,'AMarion@example.com','edge7stamp2','~cPp','2009-07-16 18:12:40','Ann','Marion');
INSERT INTO "users" VALUES(41,'JPizarro@example.com','rateprice','''/oK','2009-07-22 04:16:44','Joshua','Pizarro');
INSERT INTO "users" VALUES(42,'takedown@example.com','betterthancuckoosegg','mtnk','2009-07-29 20:07:57','Tsutomu','Shimomura');
INSERT INTO "users" VALUES(43,'SFortin@example.com','trainseize3',';H^7','2009-08-02 02:16:07','Samuel','Fortin');
INSERT INTO "users" VALUES(44,'SLiu@example.com','track4human','O;ya','2009-08-10 00:55:55','Samantha','Liu');
INSERT INTO "users" VALUES(45,'DRamon@example.com','soft6greet4','q;Ka','2009-08-12 19:43:37','Donna','Ramon');
INSERT INTO "users" VALUES(46,'RKelleher@example.com','roll8rich8','D,VW','2009-08-20 15:30:05','Ronald','Kelleher');
INSERT INTO "users" VALUES(47,'NBratton@example.com','only4team6','&21:','2009-08-22 04:36:48','Nathan','Bratton');
INSERT INTO "users" VALUES(48,'MLind@example.com','here5miss7','L+u%','2009-08-28 02:19:36','Melissa','Lind');
INSERT INTO "users" VALUES(49,'LConstantine@example.com','dull5quite','F#y$','2009-08-28 09:48:34','Lillian','Constantine');
INSERT INTO "users" VALUES(50,'smiley@example.com','don''tworrybehappy','=:^D','2009-09-01 12:43:54','Stella','Avent');
INSERT INTO "users" VALUES(51,'TFinlay@example.com','motor7send',':K)U','2009-09-02 13:23:39','Thelma','Finlay');
INSERT INTO "users" VALUES(52,'CCheek@example.com','allowangry','''3#T','2009-09-10 01:48:17','Craig','Cheek');
INSERT INTO "users" VALUES(53,'thinkgreek@example.com','gyro!euro','grbl','2009-09-17 19:06:30','Tim','Papadopoulos');
INSERT INTO "users" VALUES(54,'VGerhardt@example.com','everydeep7','^%NU','2009-09-24 03:10:25','Valerie','Gerhardt');
INSERT INTO "users" VALUES(55,'JKarr@example.com','rain2cloth8','V%;.','2009-09-30 18:10:46','Joanna','Karr');
INSERT INTO "users" VALUES(56,'appleseed@example.com','milk7arms6','#:,w','2009-10-02 15:30:18','Vickie','Appleby');
INSERT INTO "users" VALUES(57,'verycold@example.com','arcticcremation','~jR''','2009-10-04 19:00:10','Sam','Magee');
INSERT INTO "users" VALUES(58,'kanji@example.com','パスワード','utf8','2009-10-06 22:07:13','つとむ','田中');
INSERT INTO "users" VALUES(59,'CBurks@example.com','floorsix3','Y8PJ','2009-10-13 02:48:00','Carole','Burks');
INSERT INTO "users" VALUES(60,'LAbraham@example.com','outerqueen9','UL<U','2009-10-17 01:11:02','Lincoln','Abraham');
INSERT INTO "users" VALUES(61,'linearguild@example.com','visfemale','OotS','2009-10-19 14:36:37','Drew','Burlew');
INSERT INTO "users" VALUES(62,'TGwin@example.com','funny9event','@%Js','2009-10-26 23:08:04','Todd','Gwin');
INSERT INTO "users" VALUES(63,'KDunagan@example.com','path8away','j/#^','2009-10-30 16:44:40','Kristi','Dunagan');
INSERT INTO "users" VALUES(64,'ASeiber@example.com','coathand9','BT,w','2009-11-02 01:09:04','Andrew','Seiber');
INSERT INTO "users" VALUES(65,'NRodrigez@example.com','need4free8','[)hN','2009-11-08 11:39:21','Nicholas','Rodrigez');
INSERT INTO "users" VALUES(66,'THardaway@example.com','songahead4','Zi-I','2009-11-09 12:33:43','Timothy','Hardaway');
INSERT INTO "users" VALUES(67,'clyde@example.com','tense8west9','y7"s','2009-11-15 01:56:03','Steven','Mccormack');
INSERT INTO "users" VALUES(68,'KMayers@example.com','but4its4','g}w.','2009-11-20 18:22:00','Kimberly','Mayers');
INSERT INTO "users" VALUES(69,'ECombs@example.com','power6its','R-MH','2009-11-23 07:04:46','Earl','Combs');
INSERT INTO "users" VALUES(70,'JLaird@example.com','peacefirst','Dn^b','2009-11-30 12:56:42','Jason','Laird');
INSERT INTO "users" VALUES(71,'RCurtin@example.com','reach3ditch4','#B}X','2009-11-30 22:25:39','Richard','Curtin');
INSERT INTO "users" VALUES(72,'stickman@example.com','correcthorsebatterystaple','7`S.','2009-12-08 21:12:28','Xavior','Kasey-Dee');
INSERT INTO "users" VALUES(73,'DJason@example.com','see3both','P96~','2009-12-15 18:55:36','Jason','Stoll');
INSERT INTO "users" VALUES(74,'SRachel@example.com','fastboil','z2''g','2009-12-19 10:32:43','Rachel','Munn');
INSERT INTO "users" VALUES(75,'MHenry@example.com','classgain2','9);A','2009-12-27 07:59:20','Henry','Rusk');
INSERT INTO "users" VALUES(76,'slinky@example.com','teach9join','!Dk"','2009-12-29 00:30:09','Glenda','Busch');
INSERT INTO "users" VALUES(77,'BMark@example.com','ruinloose4','OMmC','2010-01-01 11:53:44','Mark','Colbert');
INSERT INTO "users" VALUES(78,'socialengineer@example.com','deadbeef','newb','2010-01-02 22:27:03','Shelia','Waldo');
INSERT INTO "users" VALUES(79,'WAlicia@example.com','card4sea7','''w=Y','2010-01-10 12:40:40','Alicia','Lo');
INSERT INTO "users" VALUES(80,'standardtoaster@example.com','thing6trunk',';d8;','2010-01-14 07:33:12','Jesse','Brooks');
INSERT INTO "users" VALUES(81,'BJohnny@example.com','touch4home8','A''#p','2010-01-19 21:01:51','Johnny','Piatt');
INSERT INTO "users" VALUES(82,'PJacob@example.com','silly9heavy9','p$:F','2010-01-20 11:55:13','Jacob','Bosley');
INSERT INTO "users" VALUES(83,'BRosa@example.com','soonavoid5','=."B','2010-01-23 19:12:22','Rosa','Gatto');
INSERT INTO "users" VALUES(84,'allyour','nochance2survive','base','2010-01-29 01:59:14','Makyur','Thyme');
INSERT INTO "users" VALUES(85,'CChad@example.com','fit6lamp9',';&`[','2010-02-05 00:56:31','Chad','Piatt');
INSERT INTO "users" VALUES(86,'cardio@example.com','plant7help4','brns','2010-02-06 23:14:01','Shawn','O''Thadead');
INSERT INTO "users" VALUES(87,'ring@example.com','bewaremypower','2814','2011-08-30 16:43:41','Harold','Jorden');
CREATE TABLE 'orders' (
"id" INTEGER PRIMARY KEY AUTOINCREMENT,
"user_id" INTEGER NOT NULL,
"date" NOT NULL,
FOREIGN KEY (user_id) REFERENCES users(id)
);
INSERT INTO "orders" VALUES(1,1,'2009-02-14 00:30:54');
INSERT INTO "orders" VALUES(2,2,'2009-02-21 08:33:02');
INSERT INTO "orders" VALUES(3,3,'2009-02-27 06:29:09');
INSERT INTO "orders" VALUES(4,4,'2009-03-04 19:13:19');
INSERT INTO "orders" VALUES(5,5,'2009-03-08 05:23:13');
INSERT INTO "orders" VALUES(6,6,'2009-03-09 03:40:56');
INSERT INTO "orders" VALUES(7,7,'2009-03-12 13:07:32');
INSERT INTO "orders" VALUES(8,8,'2009-03-19 00:43:52');
INSERT INTO "orders" VALUES(9,9,'2009-03-22 11:29:58');
INSERT INTO "orders" VALUES(10,10,'2009-03-27 01:20:56');
INSERT INTO "orders" VALUES(11,11,'2009-04-01 09:18:11');
INSERT INTO "orders" VALUES(12,12,'2009-04-01 22:12:40');
INSERT INTO "orders" VALUES(13,13,'2009-04-04 10:59:41');
INSERT INTO "orders" VALUES(14,14,'2009-04-07 22:13:58');
INSERT INTO "orders" VALUES(15,15,'2009-04-12 03:58:39');
INSERT INTO "orders" VALUES(16,1,'2009-04-13 00:16:27');
INSERT INTO "orders" VALUES(17,16,'2009-04-13 18:32:20');
INSERT INTO "orders" VALUES(18,17,'2009-04-17 05:34:24');
INSERT INTO "orders" VALUES(19,18,'2009-04-17 09:19:01');
INSERT INTO "orders" VALUES(20,19,'2009-04-19 22:36:19');
INSERT INTO "orders" VALUES(21,8,'2009-04-19 22:47:14');
INSERT INTO "orders" VALUES(22,20,'2009-04-23 02:09:00');
INSERT INTO "orders" VALUES(23,13,'2009-04-26 16:38:35');
INSERT INTO "orders" VALUES(24,21,'2009-04-30 06:17:22');
INSERT INTO "orders" VALUES(25,22,'2009-05-03 20:52:33');
INSERT INTO "orders" VALUES(26,23,'2009-05-09 04:36:47');
INSERT INTO "orders" VALUES(27,24,'2009-05-16 06:44:25');
INSERT INTO "orders" VALUES(28,25,'2009-05-18 10:43:04');
INSERT INTO "orders" VALUES(29,26,'2009-05-22 06:40:41');
INSERT INTO "orders" VALUES(30,27,'2009-05-25 18:21:07');
INSERT INTO "orders" VALUES(31,28,'2009-05-30 02:11:38');
INSERT INTO "orders" VALUES(32,10,'2009-05-30 14:05:35');
INSERT INTO "orders" VALUES(33,29,'2009-05-31 20:31:38');
INSERT INTO "orders" VALUES(34,3,'2009-05-31 20:47:38');
INSERT INTO "orders" VALUES(35,30,'2009-06-01 07:29:11');
INSERT INTO "orders" VALUES(36,2,'2009-06-01 18:15:54');
INSERT INTO "orders" VALUES(37,31,'2009-06-02 11:04:31');
INSERT INTO "orders" VALUES(38,17,'2009-06-08 02:01:56');
INSERT INTO "orders" VALUES(39,32,'2009-06-10 06:27:38');
INSERT INTO "orders" VALUES(40,13,'2009-06-10 10:16:17');
INSERT INTO "orders" VALUES(41,27,'2009-06-10 19:38:51');
INSERT INTO "orders" VALUES(42,32,'2009-06-14 09:56:28');
INSERT INTO "orders" VALUES(43,24,'2009-06-15 17:45:03');
INSERT INTO "orders" VALUES(44,33,'2009-06-18 01:32:43');
INSERT INTO "orders" VALUES(45,34,'2009-06-25 02:56:32');
INSERT INTO "orders" VALUES(46,35,'2009-06-30 10:48:56');
INSERT INTO "orders" VALUES(47,36,'2009-07-03 14:56:15');
INSERT INTO "orders" VALUES(48,5,'2009-07-08 06:25:48');
INSERT INTO "orders" VALUES(49,37,'2009-07-10 21:20:53');
INSERT INTO "orders" VALUES(50,38,'2009-07-12 08:40:35');
INSERT INTO "orders" VALUES(51,39,'2009-07-14 02:03:54');
INSERT INTO "orders" VALUES(52,4,'2009-07-14 05:45:27');
INSERT INTO "orders" VALUES(53,40,'2009-07-16 18:21:14');
INSERT INTO "orders" VALUES(54,41,'2009-07-22 04:27:23');
INSERT INTO "orders" VALUES(55,11,'2009-07-23 20:52:55');
INSERT INTO "orders" VALUES(56,42,'2009-07-29 20:42:49');
INSERT INTO "orders" VALUES(57,43,'2009-08-02 02:25:33');
INSERT INTO "orders" VALUES(58,2,'2009-08-02 15:04:32');
INSERT INTO "orders" VALUES(59,20,'2009-08-07 19:19:58');
INSERT INTO "orders" VALUES(60,44,'2009-08-10 00:59:36');
INSERT INTO "orders" VALUES(61,7,'2009-08-12 19:35:55');
INSERT INTO "orders" VALUES(62,45,'2009-08-12 20:07:18');
INSERT INTO "orders" VALUES(63,29,'2009-08-14 00:44:53');
INSERT INTO "orders" VALUES(64,14,'2009-08-14 07:55:41');
INSERT INTO "orders" VALUES(65,45,'2009-08-20 09:07:59');
INSERT INTO "orders" VALUES(66,46,'2009-08-20 16:08:35');
INSERT INTO "orders" VALUES(67,40,'2009-08-21 18:38:42');
INSERT INTO "orders" VALUES(68,47,'2009-08-22 04:50:09');
INSERT INTO "orders" VALUES(69,37,'2009-08-24 12:46:11');
INSERT INTO "orders" VALUES(70,48,'2009-08-28 02:45:00');
INSERT INTO "orders" VALUES(71,49,'2009-08-28 10:41:11');
INSERT INTO "orders" VALUES(72,10,'2009-09-01 04:59:12');
INSERT INTO "orders" VALUES(73,50,'2009-09-01 13:31:57');
INSERT INTO "orders" VALUES(74,51,'2009-09-02 13:27:06');
INSERT INTO "orders" VALUES(75,49,'2009-09-02 18:19:49');
INSERT INTO "orders" VALUES(76,19,'2009-09-04 21:27:27');
INSERT INTO "orders" VALUES(77,52,'2009-09-10 02:03:21');
INSERT INTO "orders" VALUES(78,34,'2009-09-12 17:46:38');
INSERT INTO "orders" VALUES(79,13,'2009-09-13 10:32:49');
INSERT INTO "orders" VALUES(80,53,'2009-09-17 19:29:22');
INSERT INTO "orders" VALUES(81,39,'2009-09-19 00:29:38');
INSERT INTO "orders" VALUES(82,54,'2009-09-24 03:25:54');
INSERT INTO "orders" VALUES(83,42,'2009-09-29 01:44:20');
INSERT INTO "orders" VALUES(84,55,'2009-09-30 18:52:51');
INSERT INTO "orders" VALUES(85,56,'2009-10-03 01:44:51');
INSERT INTO "orders" VALUES(86,57,'2009-10-04 19:12:49');
INSERT INTO "orders" VALUES(87,58,'2009-10-06 22:28:49');
INSERT INTO "orders" VALUES(88,58,'2009-10-08 20:47:15');
INSERT INTO "orders" VALUES(89,55,'2009-10-10 23:20:26');
INSERT INTO "orders" VALUES(90,59,'2009-10-13 03:47:00');
INSERT INTO "orders" VALUES(91,60,'2009-10-17 01:45:09');
INSERT INTO "orders" VALUES(92,31,'2009-10-17 15:00:43');
INSERT INTO "orders" VALUES(93,22,'2009-10-18 10:05:16');
INSERT INTO "orders" VALUES(94,61,'2009-10-19 15:34:57');
INSERT INTO "orders" VALUES(95,1,'2009-10-24 05:51:50');
INSERT INTO "orders" VALUES(96,52,'2009-10-26 02:51:59');
INSERT INTO "orders" VALUES(97,62,'2009-10-26 23:21:18');
INSERT INTO "orders" VALUES(98,63,'2009-10-30 16:53:38');
INSERT INTO "orders" VALUES(99,64,'2009-11-02 01:31:26');
INSERT INTO "orders" VALUES(100,29,'2009-11-03 06:45:12');
INSERT INTO "orders" VALUES(101,28,'2009-11-04 00:35:13');
INSERT INTO "orders" VALUES(102,64,'2009-11-08 04:20:51');
INSERT INTO "orders" VALUES(103,65,'2009-11-08 12:20:29');
INSERT INTO "orders" VALUES(104,66,'2009-11-09 12:49:25');
INSERT INTO "orders" VALUES(105,38,'2009-11-14 22:33:18');
INSERT INTO "orders" VALUES(106,67,'2009-11-15 02:27:37');
INSERT INTO "orders" VALUES(107,48,'2009-11-16 22:43:11');
INSERT INTO "orders" VALUES(108,54,'2009-11-19 15:14:32');
INSERT INTO "orders" VALUES(109,68,'2009-11-20 18:40:41');
INSERT INTO "orders" VALUES(110,20,'2009-11-21 10:02:02');
INSERT INTO "orders" VALUES(111,58,'2009-11-22 06:49:02');
INSERT INTO "orders" VALUES(112,69,'2009-11-23 07:33:34');
INSERT INTO "orders" VALUES(113,4,'2009-11-23 21:07:14');
INSERT INTO "orders" VALUES(114,70,'2009-11-30 13:16:53');
INSERT INTO "orders" VALUES(115,71,'2009-11-30 22:35:32');
INSERT INTO "orders" VALUES(116,37,'2009-12-02 08:28:13');
INSERT INTO "orders" VALUES(117,47,'2009-12-05 11:12:43');
INSERT INTO "orders" VALUES(118,32,'2009-12-08 03:49:37');
INSERT INTO "orders" VALUES(119,72,'2009-12-09 07:22:40');
INSERT INTO "orders" VALUES(120,7,'2009-12-10 20:34:26');
INSERT INTO "orders" VALUES(121,73,'2009-12-15 19:06:49');
INSERT INTO "orders" VALUES(122,74,'2009-12-19 11:10:57');
INSERT INTO "orders" VALUES(123,61,'2009-12-24 00:01:04');
INSERT INTO "orders" VALUES(124,75,'2009-12-27 08:57:24');
INSERT INTO "orders" VALUES(125,76,'2009-12-29 01:24:50');
INSERT INTO "orders" VALUES(126,77,'2010-01-01 12:10:32');
INSERT INTO "orders" VALUES(127,78,'2010-01-02 23:08:30');
INSERT INTO "orders" VALUES(128,5,'2010-01-07 23:33:07');
INSERT INTO "orders" VALUES(129,57,'2010-01-10 03:43:24');
INSERT INTO "orders" VALUES(130,79,'2010-01-10 12:51:28');
INSERT INTO "orders" VALUES(131,45,'2010-01-13 02:06:57');
INSERT INTO "orders" VALUES(132,80,'2010-01-14 08:26:18');
INSERT INTO "orders" VALUES(133,38,'2010-01-14 23:27:19');
INSERT INTO "orders" VALUES(134,50,'2010-01-15 04:26:05');
INSERT INTO "orders" VALUES(135,54,'2010-01-16 17:11:49');
INSERT INTO "orders" VALUES(136,79,'2010-01-17 15:12:10');
INSERT INTO "orders" VALUES(137,41,'2010-01-18 17:55:55');
INSERT INTO "orders" VALUES(138,81,'2010-01-19 21:39:30');
INSERT INTO "orders" VALUES(139,82,'2010-01-20 12:54:37');
INSERT INTO "orders" VALUES(140,83,'2010-01-23 19:21:43');
INSERT INTO "orders" VALUES(141,13,'2010-01-24 08:02:17');
INSERT INTO "orders" VALUES(142,75,'2010-01-27 06:58:26');
INSERT INTO "orders" VALUES(143,84,'2010-01-29 02:46:45');
INSERT INTO "orders" VALUES(144,61,'2010-01-30 17:07:10');
INSERT INTO "orders" VALUES(145,71,'2010-02-02 22:13:25');
INSERT INTO "orders" VALUES(146,80,'2010-02-03 20:22:28');
INSERT INTO "orders" VALUES(147,85,'2010-02-05 01:24:37');
INSERT INTO "orders" VALUES(148,32,'2010-02-05 15:26:04');
INSERT INTO "orders" VALUES(149,11,'2010-02-05 17:43:44');
INSERT INTO "orders" VALUES(150,86,'2010-02-06 23:56:44');
INSERT INTO "orders" VALUES(151,60,'2010-02-09 06:20:43');
INSERT INTO "orders" VALUES(152,48,'2010-02-12 22:16:18');
INSERT INTO "orders" VALUES(153,68,'2010-02-14 17:01:27');
INSERT INTO "orders" VALUES(154,82,'2010-02-16 11:25:00');
INSERT INTO "orders" VALUES(155,34,'2010-02-26 11:19:56');
INSERT INTO "orders" VALUES(156,47,'2010-02-27 19:01:28');
INSERT INTO "orders" VALUES(157,34,'2010-03-12 19:22:38');
INSERT INTO "orders" VALUES(158,78,'2010-03-13 17:45:22');
INSERT INTO "orders" VALUES(159,19,'2010-03-21 10:13:52');
INSERT INTO "orders" VALUES(160,75,'2010-03-24 03:33:50');
INSERT INTO "orders" VALUES(161,50,'2010-03-25 22:23:06');
INSERT INTO "orders" VALUES(162,73,'2010-03-26 22:12:00');
INSERT INTO "orders" VALUES(163,28,'2010-03-28 07:08:38');
INSERT INTO "orders" VALUES(164,67,'2010-03-30 16:30:56');
INSERT INTO "orders" VALUES(165,38,'2010-03-30 16:52:36');
INSERT INTO "orders" VALUES(166,56,'2010-04-03 15:18:34');
INSERT INTO "orders" VALUES(167,1,'2010-04-07 17:08:40');
INSERT INTO "orders" VALUES(168,66,'2010-04-08 14:18:16');
INSERT INTO "orders" VALUES(169,66,'2010-04-14 10:12:13');
INSERT INTO "orders" VALUES(170,13,'2010-05-08 16:26:44');
INSERT INTO "orders" VALUES(171,66,'2010-05-14 17:33:48');
INSERT INTO "orders" VALUES(172,71,'2010-05-15 16:38:06');
INSERT INTO "orders" VALUES(173,38,'2010-06-01 15:39:49');
INSERT INTO "orders" VALUES(174,74,'2010-06-01 18:30:19');
INSERT INTO "orders" VALUES(175,20,'2010-06-06 00:30:51');
INSERT INTO "orders" VALUES(176,81,'2010-06-11 03:26:16');
INSERT INTO "orders" VALUES(177,78,'2010-06-12 08:36:06');
INSERT INTO "orders" VALUES(178,82,'2010-06-20 22:08:21');
INSERT INTO "orders" VALUES(179,32,'2010-07-03 03:58:56');
INSERT INTO "orders" VALUES(180,81,'2010-07-03 09:18:12');
INSERT INTO "orders" VALUES(181,48,'2010-07-04 06:38:55');
INSERT INTO "orders" VALUES(182,28,'2010-07-05 00:54:32');
INSERT INTO "orders" VALUES(183,77,'2010-07-05 06:47:06');
INSERT INTO "orders" VALUES(184,45,'2010-07-08 04:04:33');
INSERT INTO "orders" VALUES(185,60,'2010-07-09 13:43:09');
INSERT INTO "orders" VALUES(186,84,'2010-07-18 19:05:01');
INSERT INTO "orders" VALUES(187,80,'2010-07-23 09:54:27');
INSERT INTO "orders" VALUES(188,71,'2010-07-24 16:57:19');
INSERT INTO "orders" VALUES(189,47,'2010-08-04 06:01:20');
INSERT INTO "orders" VALUES(190,74,'2010-08-15 01:13:41');
INSERT INTO "orders" VALUES(191,67,'2010-08-21 13:59:00');
INSERT INTO "orders" VALUES(192,10,'2010-09-04 00:13:37');
INSERT INTO "orders" VALUES(193,1,'2010-09-14 09:00:53');
INSERT INTO "orders" VALUES(194,84,'2010-11-17 11:54:12');
INSERT INTO "orders" VALUES(195,74,'2010-11-22 16:43:23');
INSERT INTO "orders" VALUES(196,78,'2010-12-02 12:05:40');
INSERT INTO "orders" VALUES(197,1,'2010-12-19 10:40:14');
INSERT INTO "orders" VALUES(198,71,'2011-01-22 00:31:13');
INSERT INTO "orders" VALUES(199,47,'2011-02-02 04:04:03');
INSERT INTO "orders" VALUES(200,71,'2011-03-18 10:46:51');
INSERT INTO "orders" VALUES(201,71,'2011-04-28 19:50:32');
INSERT INTO "orders" VALUES(202,74,'2011-05-12 14:42:54');
INSERT INTO "orders" VALUES(203,74,'2011-09-21 07:16:27');
CREATE TABLE "products" (
"id" integer PRIMARY KEY AUTOINCREMENT,
"name" varchar(64) NOT NULL,
"price" float NOT NULL DEFAULT 0,
"msrp" float DEFAULT NULL,
"description" TEXT DEFAULT ''
);
INSERT INTO "products" VALUES(1,'The Art of Computer Programming, Volumes 1-4A (Boxed Set)',191.76,249.99,NULL);
INSERT INTO "products" VALUES(2,'Dry Erase Whiteboard Paint',174.99,NULL,NULL);
INSERT INTO "products" VALUES(3,'Laser Virtual Keyboard',169.99,199.99,NULL);
INSERT INTO "products" VALUES(4,'Arcade Light Switch',35.0,NULL,NULL);
INSERT INTO "products" VALUES(5,'USB Rocket Launcher',24.99,NULL,NULL);
INSERT INTO "products" VALUES(6,'Shower Shock Caffeinated Soap',24.99,NULL,NULL);
INSERT INTO "products" VALUES(7,'Electrical Engineering 101',43.95,21.85,NULL);
INSERT INTO "products" VALUES(8,'15 Dangerously Mad Projects for the Evil Genius',15.25,25.0,NULL);
INSERT INTO "products" VALUES(9,'Moleskine Sketchbook Pocket',10.36,12.95,NULL);
INSERT INTO "products" VALUES(10,'Origami Sticky Notes',4.99,NULL,NULL);
INSERT INTO "products" VALUES(11,'Canned Unicorn Meat',12.99,NULL,NULL);
INSERT INTO "products" VALUES(12,'Wasabi Gumballs',3.99,NULL,NULL);
INSERT INTO "products" VALUES(13,'Math Quiz Wall Clock (Black)',20.74,31.99,NULL);
INSERT INTO "products" VALUES(14,'The Zombie Survival Guide',11.99,13.95,NULL);
INSERT INTO "products" VALUES(15,'Pragmatic Programmer',34.91,49.99,NULL);
INSERT INTO "products" VALUES(16,'USB Wall Outlet',24.99,NULL,NULL);
INSERT INTO "products" VALUES(17,'Progamming Ruby 1.9',31.98,49.95,NULL);
INSERT INTO "products" VALUES(18,'Clean Code: A Handbook of Agile Software Craftsmanship',33.15,49.99,NULL);
INSERT INTO "products" VALUES(19,'Influencer: The Power to Change Anything',17.79,26.95,NULL);
INSERT INTO "products" VALUES(20,'The Way of Kings',18.47,27.99,NULL);
INSERT INTO "products" VALUES(21,'Das Keyboard Ultimate',129.0,NULL,NULL);
INSERT INTO "products" VALUES(22,'Helvetica',99.0,NULL,NULL);
INSERT INTO "products" VALUES(23,'Bacon-Scented Air Freshener',2.99,NULL,NULL);
INSERT INTO "products" VALUES(24,'Sonic Screwdriver',19.99,NULL,NULL);
INSERT INTO "products" VALUES(25,'Megaminx Duodecahedron Puzzle',9.99,NULL,NULL);
INSERT INTO "products" VALUES(26,'Pathfinder Core Rulebook',49.99,NULL,NULL);
INSERT INTO "products" VALUES(27,'Small Donation to sqMight',20.0,1000.0,NULL);
INSERT INTO "products" VALUES(28,'USB-Rechargable AA Batteries (2 pack)',17.56,19.99,NULL);
INSERT INTO "products" VALUES(29,'The Cuckoo''s Egg',10.33,16.0,NULL);
CREATE TABLE "order_products" (
"order_id" INTEGER REFERENCES "orders.id"("") ON UPDATE CASCADE ON DELETE CASCADE NOT NULL,
"product_id" INTEGER REFERENCES "products.id"("") ON UPDATE CASCADE ON DELETE SET NULL,
"quantity" INTEGER DEFAULT 0 NOT NULL,
"price_each" INTEGER NOT NULL
);
INSERT INTO "order_products" VALUES(1,27,4,20);
INSERT INTO "order_products" VALUES(1,4,1,35);
INSERT INTO "order_products" VALUES(2,4,1,35);
INSERT INTO "order_products" VALUES(3,28,1,17.56);
INSERT INTO "order_products" VALUES(3,19,1,17.79);
INSERT INTO "order_products" VALUES(3,26,7,49.99);
INSERT INTO "order_products" VALUES(4,11,1,10.39);
INSERT INTO "order_products" VALUES(5,28,1,14.05);
INSERT INTO "order_products" VALUES(6,12,1,3.19);
INSERT INTO "order_products" VALUES(7,15,1,27.93);
INSERT INTO "order_products" VALUES(8,9,1,8.29);
INSERT INTO "order_products" VALUES(8,27,3,16);
INSERT INTO "order_products" VALUES(8,29,5,8.26);
INSERT INTO "order_products" VALUES(8,6,1,19.99);
INSERT INTO "order_products" VALUES(8,19,1,14.23);
INSERT INTO "order_products" VALUES(8,9,2,10.36);
INSERT INTO "order_products" VALUES(8,7,1,43.95);
INSERT INTO "order_products" VALUES(9,22,1,99);
INSERT INTO "order_products" VALUES(10,20,1,14.78);
INSERT INTO "order_products" VALUES(10,19,1,14.23);
INSERT INTO "order_products" VALUES(10,10,1,3.99);
INSERT INTO "order_products" VALUES(10,16,1,24.99);
INSERT INTO "order_products" VALUES(11,25,1,9.99);
INSERT INTO "order_products" VALUES(11,29,1,8.26);
INSERT INTO "order_products" VALUES(11,23,3,2.99);
INSERT INTO "order_products" VALUES(11,22,4,99);
INSERT INTO "order_products" VALUES(11,29,1,8.26);
INSERT INTO "order_products" VALUES(11,10,10,4.99);
INSERT INTO "order_products" VALUES(11,25,1,9.99);
INSERT INTO "order_products" VALUES(11,17,5,31.98);
INSERT INTO "order_products" VALUES(11,14,5,11.99);
INSERT INTO "order_products" VALUES(11,2,1,174.99);
INSERT INTO "order_products" VALUES(11,29,3,10.33);
INSERT INTO "order_products" VALUES(11,13,1,16.59);
INSERT INTO "order_products" VALUES(12,5,1,24.99);
INSERT INTO "order_products" VALUES(13,15,2,27.93);
INSERT INTO "order_products" VALUES(14,3,5,169.99);
INSERT INTO "order_products" VALUES(14,2,1,159.99);
INSERT INTO "order_products" VALUES(14,24,10,15.99);
INSERT INTO "order_products" VALUES(14,4,1,28);
INSERT INTO "order_products" VALUES(14,27,1,20);
INSERT INTO "order_products" VALUES(14,11,1,12.99);
INSERT INTO "order_products" VALUES(14,1,2,191.76);
INSERT INTO "order_products" VALUES(15,13,1,20.74);
INSERT INTO "order_products" VALUES(15,28,10,17.56);
INSERT INTO "order_products" VALUES(15,27,5,20);
INSERT INTO "order_products" VALUES(15,7,4,35.16);
INSERT INTO "order_products" VALUES(15,5,4,24.99);
INSERT INTO "order_products" VALUES(16,9,1,10.36);
INSERT INTO "order_products" VALUES(17,28,1,17.56);
INSERT INTO "order_products" VALUES(18,4,2,35);
INSERT INTO "order_products" VALUES(19,25,1,9.99);
INSERT INTO "order_products" VALUES(20,24,1,19.99);
INSERT INTO "order_products" VALUES(21,3,1,169.99);
INSERT INTO "order_products" VALUES(21,13,1,16.59);
INSERT INTO "order_products" VALUES(21,13,1,16.59);
INSERT INTO "order_products" VALUES(22,3,1,169.99);
INSERT INTO "order_products" VALUES(23,18,1,33.15);
INSERT INTO "order_products" VALUES(23,11,1,12.99);
INSERT INTO "order_products" VALUES(23,1,1,186.76);
INSERT INTO "order_products" VALUES(23,6,1,24.99);
INSERT INTO "order_products" VALUES(23,13,1,20.74);
INSERT INTO "order_products" VALUES(24,19,4,17.79);
INSERT INTO "order_products" VALUES(25,12,5,3.19);
INSERT INTO "order_products" VALUES(25,4,1,35);
INSERT INTO "order_products" VALUES(25,20,1,18.47);
INSERT INTO "order_products" VALUES(25,7,1,43.95);
INSERT INTO "order_products" VALUES(25,26,3,39.99);
INSERT INTO "order_products" VALUES(25,17,1,25.58);
INSERT INTO "order_products" VALUES(25,4,1,35);
INSERT INTO "order_products" VALUES(25,26,10,49.99);
INSERT INTO "order_products" VALUES(25,3,1,154.99);
INSERT INTO "order_products" VALUES(25,29,5,10.33);
INSERT INTO "order_products" VALUES(25,3,1,169.99);
INSERT INTO "order_products" VALUES(26,10,1,3.99);
INSERT INTO "order_products" VALUES(26,7,6,43.95);
INSERT INTO "order_products" VALUES(27,4,1,28);
INSERT INTO "order_products" VALUES(28,14,1,9.59);
INSERT INTO "order_products" VALUES(29,24,2,15.99);
INSERT INTO "order_products" VALUES(29,22,1,99);
INSERT INTO "order_products" VALUES(29,26,1,49.99);
INSERT INTO "order_products" VALUES(29,25,3,7.99);
INSERT INTO "order_products" VALUES(29,25,1,7.99);
INSERT INTO "order_products" VALUES(29,7,1,43.95);
INSERT INTO "order_products" VALUES(29,19,3,14.23);
INSERT INTO "order_products" VALUES(29,25,3,7.99);
INSERT INTO "order_products" VALUES(29,4,4,35);
INSERT INTO "order_products" VALUES(29,26,1,49.99);
INSERT INTO "order_products" VALUES(29,14,1,11.99);
INSERT INTO "order_products" VALUES(29,16,1,19.99);
INSERT INTO "order_products" VALUES(29,23,1,2.39);
INSERT INTO "order_products" VALUES(29,29,2,8.26);
INSERT INTO "order_products" VALUES(29,18,1,26.52);
INSERT INTO "order_products" VALUES(29,10,3,4.99);
INSERT INTO "order_products" VALUES(29,21,5,119);
INSERT INTO "order_products" VALUES(29,22,5,84);
INSERT INTO "order_products" VALUES(29,21,1,129);
INSERT INTO "order_products" VALUES(29,23,5,2.39);
INSERT INTO "order_products" VALUES(29,20,1,18.47);
INSERT INTO "order_products" VALUES(29,26,1,39.99);
INSERT INTO "order_products" VALUES(30,9,4,8.29);
INSERT INTO "order_products" VALUES(30,21,3,119);
INSERT INTO "order_products" VALUES(30,26,1,39.99);
INSERT INTO "order_products" VALUES(30,19,1,14.23);
INSERT INTO "order_products" VALUES(30,18,1,33.15);
INSERT INTO "order_products" VALUES(30,22,1,94);
INSERT INTO "order_products" VALUES(30,5,1,19.99);
INSERT INTO "order_products" VALUES(30,20,1,18.47);
INSERT INTO "order_products" VALUES(30,8,10,12.2);
INSERT INTO "order_products" VALUES(30,15,1,34.91);
INSERT INTO "order_products" VALUES(30,20,2,18.47);
INSERT INTO "order_products" VALUES(30,14,1,9.59);
INSERT INTO "order_products" VALUES(30,26,1,49.99);
INSERT INTO "order_products" VALUES(30,24,1,15.99);
INSERT INTO "order_products" VALUES(30,14,1,11.99);
INSERT INTO "order_products" VALUES(30,12,1,3.99);
INSERT INTO "order_products" VALUES(30,6,1,24.99);
INSERT INTO "order_products" VALUES(31,9,5,10.36);
INSERT INTO "order_products" VALUES(32,25,1,9.99);
INSERT INTO "order_products" VALUES(32,3,1,149.99);
INSERT INTO "order_products" VALUES(32,5,8,19.99);
INSERT INTO "order_products" VALUES(32,1,2,191.76);
INSERT INTO "order_products" VALUES(32,13,4,20.74);
INSERT INTO "order_products" VALUES(32,6,1,19.99);
INSERT INTO "order_products" VALUES(32,28,1,17.56);
INSERT INTO "order_products" VALUES(32,8,1,12.2);
INSERT INTO "order_products" VALUES(32,6,1,19.99);
INSERT INTO "order_products" VALUES(32,17,1,26.98);
INSERT INTO "order_products" VALUES(32,23,1,2.39);
INSERT INTO "order_products" VALUES(32,17,1,31.98);
INSERT INTO "order_products" VALUES(32,23,1,2.39);
INSERT INTO "order_products" VALUES(32,4,1,35);
INSERT INTO "order_products" VALUES(32,1,1,181.76);
INSERT INTO "order_products" VALUES(32,27,1,20);
INSERT INTO "order_products" VALUES(32,29,5,8.26);
INSERT INTO "order_products" VALUES(32,8,1,12.2);
INSERT INTO "order_products" VALUES(32,29,1,10.33);
INSERT INTO "order_products" VALUES(32,16,3,24.99);
INSERT INTO "order_products" VALUES(33,17,2,25.58);
INSERT INTO "order_products" VALUES(34,19,4,14.23);
INSERT INTO "order_products" VALUES(35,8,1,12.2);
INSERT INTO "order_products" VALUES(35,28,1,14.05);
INSERT INTO "order_products" VALUES(36,17,1,31.98);
INSERT INTO "order_products" VALUES(37,26,1,39.99);
INSERT INTO "order_products" VALUES(38,17,3,31.98);
INSERT INTO "order_products" VALUES(39,3,1,169.99);
INSERT INTO "order_products" VALUES(39,21,1,129);
INSERT INTO "order_products" VALUES(39,2,1,174.99);
INSERT INTO "order_products" VALUES(39,25,1,7.99);
INSERT INTO "order_products" VALUES(40,28,1,14.05);
INSERT INTO "order_products" VALUES(40,18,1,33.15);
INSERT INTO "order_products" VALUES(40,19,2,14.23);
INSERT INTO "order_products" VALUES(40,14,4,11.99);
INSERT INTO "order_products" VALUES(40,8,2,12.2);
INSERT INTO "order_products" VALUES(40,16,5,19.99);
INSERT INTO "order_products" VALUES(40,4,1,35);
INSERT INTO "order_products" VALUES(40,4,1,35);
INSERT INTO "order_products" VALUES(40,10,1,3.99);
INSERT INTO "order_products" VALUES(40,17,3,31.98);
INSERT INTO "order_products" VALUES(40,29,4,8.26);
INSERT INTO "order_products" VALUES(40,23,2,2.99);
INSERT INTO "order_products" VALUES(40,10,1,4.99);
INSERT INTO "order_products" VALUES(40,2,1,164.99);
INSERT INTO "order_products" VALUES(40,20,3,18.47);
INSERT INTO "order_products" VALUES(41,19,1,17.79);
INSERT INTO "order_products" VALUES(41,25,2,7.99);
INSERT INTO "order_products" VALUES(41,26,1,39.99);
INSERT INTO "order_products" VALUES(41,16,1,19.99);
INSERT INTO "order_products" VALUES(41,16,1,24.99);
INSERT INTO "order_products" VALUES(41,25,1,7.99);
INSERT INTO "order_products" VALUES(41,4,1,35);
INSERT INTO "order_products" VALUES(42,11,3,10.39);
INSERT INTO "order_products" VALUES(43,25,3,7.99);
INSERT INTO "order_products" VALUES(43,8,1,12.2);
INSERT INTO "order_products" VALUES(43,22,2,99);
INSERT INTO "order_products" VALUES(43,16,4,19.99);
INSERT INTO "order_products" VALUES(43,5,1,19.99);
INSERT INTO "order_products" VALUES(43,12,2,3.19);
INSERT INTO "order_products" VALUES(43,28,2,17.56);
INSERT INTO "order_products" VALUES(43,23,3,2.99);
INSERT INTO "order_products" VALUES(43,7,1,38.95);
INSERT INTO "order_products" VALUES(43,11,3,10.39);
INSERT INTO "order_products" VALUES(43,25,4,7.99);
INSERT INTO "order_products" VALUES(43,10,1,4.99);
INSERT INTO "order_products" VALUES(43,14,1,11.99);
INSERT INTO "order_products" VALUES(43,20,3,14.78);
INSERT INTO "order_products" VALUES(43,8,1,15.25);
INSERT INTO "order_products" VALUES(43,6,2,24.99);
INSERT INTO "order_products" VALUES(43,26,3,49.99);
INSERT INTO "order_products" VALUES(43,28,1,17.56);
INSERT INTO "order_products" VALUES(43,15,1,29.91);
INSERT INTO "order_products" VALUES(43,2,3,174.99);
INSERT INTO "order_products" VALUES(43,17,11,25.58);
INSERT INTO "order_products" VALUES(43,7,1,35.16);
INSERT INTO "order_products" VALUES(43,18,10,33.15);
INSERT INTO "order_products" VALUES(43,7,1,35.16);
INSERT INTO "order_products" VALUES(43,5,1,19.99);
INSERT INTO "order_products" VALUES(43,6,2,19.99);
INSERT INTO "order_products" VALUES(43,29,1,8.26);
INSERT INTO "order_products" VALUES(43,28,4,14.05);
INSERT INTO "order_products" VALUES(44,27,11,20);
INSERT INTO "order_products" VALUES(45,18,1,26.52);
INSERT INTO "order_products" VALUES(46,29,1,8.26);
INSERT INTO "order_products" VALUES(47,15,10,34.91);
INSERT INTO "order_products" VALUES(47,22,1,89);
INSERT INTO "order_products" VALUES(48,26,1,49.99);
INSERT INTO "order_products" VALUES(49,12,1,3.19);
INSERT INTO "order_products" VALUES(50,13,11,20.74);
INSERT INTO "order_products" VALUES(51,25,1,9.99);
INSERT INTO "order_products" VALUES(52,17,3,25.58);
INSERT INTO "order_products" VALUES(53,19,1,14.23);
INSERT INTO "order_products" VALUES(54,17,1,26.98);
INSERT INTO "order_products" VALUES(55,12,1,3.19);
INSERT INTO "order_products" VALUES(56,16,1,19.99);
INSERT INTO "order_products" VALUES(57,20,1,18.47);
INSERT INTO "order_products" VALUES(58,4,5,35);
INSERT INTO "order_products" VALUES(58,17,1,26.98);
INSERT INTO "order_products" VALUES(58,4,4,35);
INSERT INTO "order_products" VALUES(59,24,1,15.99);
INSERT INTO "order_products" VALUES(59,5,1,19.99);
INSERT INTO "order_products" VALUES(59,20,2,14.78);
INSERT INTO "order_products" VALUES(59,4,1,28);
INSERT INTO "order_products" VALUES(59,18,1,28.15);
INSERT INTO "order_products" VALUES(59,10,7,4.99);
INSERT INTO "order_products" VALUES(59,24,7,15.99);
INSERT INTO "order_products" VALUES(59,28,1,14.05);
INSERT INTO "order_products" VALUES(59,3,3,169.99);
INSERT INTO "order_products" VALUES(59,28,1,17.56);
INSERT INTO "order_products" VALUES(59,27,1,20);
INSERT INTO "order_products" VALUES(59,19,1,14.23);
INSERT INTO "order_products" VALUES(59,4,5,28);
INSERT INTO "order_products" VALUES(59,1,1,181.76);
INSERT INTO "order_products" VALUES(59,28,7,14.05);
INSERT INTO "order_products" VALUES(59,18,1,26.52);
INSERT INTO "order_products" VALUES(59,25,1,9.99);
INSERT INTO "order_products" VALUES(59,21,5,119);
INSERT INTO "order_products" VALUES(59,22,1,84);
INSERT INTO "order_products" VALUES(59,2,2,174.99);
INSERT INTO "order_products" VALUES(59,24,5,19.99);
INSERT INTO "order_products" VALUES(59,1,1,171.76);
INSERT INTO "order_products" VALUES(59,15,1,27.93);
INSERT INTO "order_products" VALUES(59,20,1,18.47);
INSERT INTO "order_products" VALUES(59,1,5,191.76);
INSERT INTO "order_products" VALUES(59,3,1,169.99);
INSERT INTO "order_products" VALUES(59,8,1,15.25);
INSERT INTO "order_products" VALUES(59,27,2,20);
INSERT INTO "order_products" VALUES(60,4,1,35);
INSERT INTO "order_products" VALUES(60,12,1,3.19);
INSERT INTO "order_products" VALUES(60,17,1,25.58);
INSERT INTO "order_products" VALUES(61,12,5,3.19);
INSERT INTO "order_products" VALUES(61,22,2,94);
INSERT INTO "order_products" VALUES(62,26,1,44.99);
INSERT INTO "order_products" VALUES(62,25,4,7.99);
INSERT INTO "order_products" VALUES(62,8,1,12.2);
INSERT INTO "order_products" VALUES(62,15,1,34.91);
INSERT INTO "order_products" VALUES(62,23,1,2.39);
INSERT INTO "order_products" VALUES(62,20,1,18.47);
INSERT INTO "order_products" VALUES(62,27,1,20);
INSERT INTO "order_products" VALUES(62,12,1,3.99);
INSERT INTO "order_products" VALUES(62,8,8,12.2);
INSERT INTO "order_products" VALUES(63,8,5,12.2);
INSERT INTO "order_products" VALUES(64,15,1,34.91);
INSERT INTO "order_products" VALUES(65,14,1,9.59);
INSERT INTO "order_products" VALUES(66,21,5,129);
INSERT INTO "order_products" VALUES(67,27,1,20);
INSERT INTO "order_products" VALUES(67,16,2,19.99);
INSERT INTO "order_products" VALUES(67,16,5,24.99);
INSERT INTO "order_products" VALUES(67,11,1,10.39);
INSERT INTO "order_products" VALUES(67,3,2,159.99);
INSERT INTO "order_products" VALUES(68,19,2,14.23);
INSERT INTO "order_products" VALUES(69,16,9,24.99);
INSERT INTO "order_products" VALUES(69,4,10,28);
INSERT INTO "order_products" VALUES(70,22,1,99);
INSERT INTO "order_products" VALUES(71,15,1,34.91);
INSERT INTO "order_products" VALUES(72,15,3,34.91);
INSERT INTO "order_products" VALUES(72,3,1,149.99);
INSERT INTO "order_products" VALUES(72,15,11,27.93);
INSERT INTO "order_products" VALUES(73,24,1,19.99);
INSERT INTO "order_products" VALUES(74,11,2,10.39);
INSERT INTO "order_products" VALUES(75,12,3,3.19);
INSERT INTO "order_products" VALUES(76,8,10,15.25);
INSERT INTO "order_products" VALUES(77,22,1,89);
INSERT INTO "order_products" VALUES(77,21,3,119);
INSERT INTO "order_products" VALUES(77,6,1,19.99);
INSERT INTO "order_products" VALUES(77,26,1,39.99);
INSERT INTO "order_products" VALUES(78,5,1,19.99);
INSERT INTO "order_products" VALUES(78,9,5,8.29);
INSERT INTO "order_products" VALUES(78,27,1,20);
INSERT INTO "order_products" VALUES(78,27,1,20);
INSERT INTO "order_products" VALUES(78,4,1,28);
INSERT INTO "order_products" VALUES(78,1,1,171.76);
INSERT INTO "order_products" VALUES(78,10,1,4.99);
INSERT INTO "order_products" VALUES(78,23,1,2.39);
INSERT INTO "order_products" VALUES(78,10,3,3.99);
INSERT INTO "order_products" VALUES(78,2,1,169.99);
INSERT INTO "order_products" VALUES(78,19,1,17.79);
INSERT INTO "order_products" VALUES(78,22,1,84);
INSERT INTO "order_products" VALUES(78,25,3,9.99);
INSERT INTO "order_products" VALUES(78,9,1,8.29);
INSERT INTO "order_products" VALUES(78,24,1,19.99);
INSERT INTO "order_products" VALUES(78,24,1,15.99);
INSERT INTO "order_products" VALUES(78,1,11,181.76);
INSERT INTO "order_products" VALUES(78,4,1,35);
INSERT INTO "order_products" VALUES(78,20,1,18.47);
INSERT INTO "order_products" VALUES(79,19,1,17.79);
INSERT INTO "order_products" VALUES(80,9,4,8.29);
INSERT INTO "order_products" VALUES(80,20,1,18.47);
INSERT INTO "order_products" VALUES(80,24,1,19.99);
INSERT INTO "order_products" VALUES(81,16,5,24.99);
INSERT INTO "order_products" VALUES(81,5,5,19.99);
INSERT INTO "order_products" VALUES(81,13,1,20.74);
INSERT INTO "order_products" VALUES(82,19,1,17.79);
INSERT INTO "order_products" VALUES(82,2,1,159.99);
INSERT INTO "order_products" VALUES(82,1,1,191.76);
INSERT INTO "order_products" VALUES(83,6,5,24.99);
INSERT INTO "order_products" VALUES(84,17,1,25.58);
INSERT INTO "order_products" VALUES(84,23,1,2.99);
INSERT INTO "order_products" VALUES(84,24,1,15.99);
INSERT INTO "order_products" VALUES(85,17,1,31.98);
INSERT INTO "order_products" VALUES(85,15,1,27.93);
INSERT INTO "order_products" VALUES(85,7,11,43.95);
INSERT INTO "order_products" VALUES(86,25,1,7.99);
INSERT INTO "order_products" VALUES(86,4,6,35);
INSERT INTO "order_products" VALUES(87,23,2,2.99);
INSERT INTO "order_products" VALUES(87,9,4,8.29);
INSERT INTO "order_products" VALUES(87,18,1,33.15);
INSERT INTO "order_products" VALUES(88,29,7,8.26);
INSERT INTO "order_products" VALUES(89,20,2,14.78);
INSERT INTO "order_products" VALUES(89,9,1,10.36);
INSERT INTO "order_products" VALUES(89,18,1,33.15);
INSERT INTO "order_products" VALUES(89,26,5,49.99);
INSERT INTO "order_products" VALUES(89,29,1,8.26);
INSERT INTO "order_products" VALUES(89,20,1,18.47);
INSERT INTO "order_products" VALUES(89,4,1,28);
INSERT INTO "order_products" VALUES(89,7,1,43.95);
INSERT INTO "order_products" VALUES(89,29,3,8.26);
INSERT INTO "order_products" VALUES(89,26,5,39.99);
INSERT INTO "order_products" VALUES(90,26,1,49.99);
INSERT INTO "order_products" VALUES(91,19,1,17.79);
INSERT INTO "order_products" VALUES(92,5,1,19.99);
INSERT INTO "order_products" VALUES(93,1,1,176.76);
INSERT INTO "order_products" VALUES(93,18,5,33.15);
INSERT INTO "order_products" VALUES(93,26,1,49.99);
INSERT INTO "order_products" VALUES(93,25,1,7.99);
INSERT INTO "order_products" VALUES(94,6,1,19.99);
INSERT INTO "order_products" VALUES(94,5,1,19.99);
INSERT INTO "order_products" VALUES(94,22,1,89);
INSERT INTO "order_products" VALUES(95,24,1,15.99);
INSERT INTO "order_products" VALUES(95,7,1,43.95);
INSERT INTO "order_products" VALUES(96,28,11,14.05);
INSERT INTO "order_products" VALUES(97,11,7,10.39);
INSERT INTO "order_products" VALUES(98,17,7,31.98);
INSERT INTO "order_products" VALUES(98,1,2,181.76);
INSERT INTO "order_products" VALUES(98,9,1,8.29);
INSERT INTO "order_products" VALUES(99,23,5,2.39);
INSERT INTO "order_products" VALUES(99,18,2,26.52);
INSERT INTO "order_products" VALUES(100,28,1,17.56);
INSERT INTO "order_products" VALUES(100,17,1,25.58);
INSERT INTO "order_products" VALUES(100,26,1,49.99);
INSERT INTO "order_products" VALUES(101,24,1,15.99);
INSERT INTO "order_products" VALUES(101,19,1,14.23);
INSERT INTO "order_products" VALUES(102,25,5,9.99);
INSERT INTO "order_products" VALUES(102,24,4,19.99);
INSERT INTO "order_products" VALUES(102,24,1,19.99);
INSERT INTO "order_products" VALUES(102,27,3,20);
INSERT INTO "order_products" VALUES(102,26,1,44.99);
INSERT INTO "order_products" VALUES(102,25,5,9.99);
INSERT INTO "order_products" VALUES(102,25,1,9.99);
INSERT INTO "order_products" VALUES(103,5,1,19.99);
INSERT INTO "order_products" VALUES(103,6,2,24.99);
INSERT INTO "order_products" VALUES(103,18,3,33.15);
INSERT INTO "order_products" VALUES(103,19,3,17.79);
INSERT INTO "order_products" VALUES(103,24,10,19.99);
INSERT INTO "order_products" VALUES(103,15,1,34.91);
INSERT INTO "order_products" VALUES(103,14,3,11.99);
INSERT INTO "order_products" VALUES(103,10,1,3.99);
INSERT INTO "order_products" VALUES(103,26,4,39.99);
INSERT INTO "order_products" VALUES(103,4,1,35);
INSERT INTO "order_products" VALUES(103,26,1,39.99);
INSERT INTO "order_products" VALUES(103,17,1,31.98);
INSERT INTO "order_products" VALUES(103,27,1,20);
INSERT INTO "order_products" VALUES(103,17,10,25.58);
INSERT INTO "order_products" VALUES(103,18,4,26.52);
INSERT INTO "order_products" VALUES(103,22,1,99);
INSERT INTO "order_products" VALUES(103,26,1,39.99);
INSERT INTO "order_products" VALUES(103,24,3,19.99);
INSERT INTO "order_products" VALUES(103,5,2,19.99);
INSERT INTO "order_products" VALUES(104,2,1,174.99);
INSERT INTO "order_products" VALUES(105,22,3,99);
INSERT INTO "order_products" VALUES(106,14,1,11.99);
INSERT INTO "order_products" VALUES(106,1,1,171.76);
INSERT INTO "order_products" VALUES(106,17,4,25.58);
INSERT INTO "order_products" VALUES(106,23,3,2.99);
INSERT INTO "order_products" VALUES(106,10,6,4.99);
INSERT INTO "order_products" VALUES(107,8,1,15.25);
INSERT INTO "order_products" VALUES(107,26,1,49.99);
INSERT INTO "order_products" VALUES(108,8,1,15.25);
INSERT INTO "order_products" VALUES(109,28,1,14.05);
INSERT INTO "order_products" VALUES(110,26,1,39.99);
INSERT INTO "order_products" VALUES(111,7,2,43.95);
INSERT INTO "order_products" VALUES(112,5,4,24.99);
INSERT INTO "order_products" VALUES(112,18,3,28.15);
INSERT INTO "order_products" VALUES(112,18,1,28.15);
INSERT INTO "order_products" VALUES(112,16,1,24.99);
INSERT INTO "order_products" VALUES(112,23,1,2.39);
INSERT INTO "order_products" VALUES(112,23,2,2.39);
INSERT INTO "order_products" VALUES(112,1,1,191.76);
INSERT INTO "order_products" VALUES(112,2,1,159.99);
INSERT INTO "order_products" VALUES(112,20,1,14.78);
INSERT INTO "order_products" VALUES(113,25,2,9.99);
INSERT INTO "order_products" VALUES(113,13,1,20.74);
INSERT INTO "order_products" VALUES(113,18,1,26.52);
INSERT INTO "order_products" VALUES(114,29,2,8.26);
INSERT INTO "order_products" VALUES(114,24,1,19.99);
INSERT INTO "order_products" VALUES(115,27,1,20);
INSERT INTO "order_products" VALUES(116,10,1,3.99);
INSERT INTO "order_products" VALUES(117,8,1,12.2);
INSERT INTO "order_products" VALUES(117,6,1,19.99);
INSERT INTO "order_products" VALUES(117,20,5,14.78);
INSERT INTO "order_products" VALUES(117,29,1,10.33);
INSERT INTO "order_products" VALUES(117,9,1,10.36);
INSERT INTO "order_products" VALUES(118,21,1,129);
INSERT INTO "order_products" VALUES(119,12,5,3.19);
INSERT INTO "order_products" VALUES(119,17,2,31.98);
INSERT INTO "order_products" VALUES(120,3,7,169.99);
INSERT INTO "order_products" VALUES(120,13,1,16.59);
INSERT INTO "order_products" VALUES(121,28,3,14.05);
INSERT INTO "order_products" VALUES(122,24,1,19.99);
INSERT INTO "order_products" VALUES(123,6,4,24.99);
INSERT INTO "order_products" VALUES(123,8,1,12.2);
INSERT INTO "order_products" VALUES(124,22,5,94);
INSERT INTO "order_products" VALUES(124,21,5,114);
INSERT INTO "order_products" VALUES(124,8,5,15.25);
INSERT INTO "order_products" VALUES(124,5,3,24.99);
INSERT INTO "order_products" VALUES(124,24,1,19.99);
INSERT INTO "order_products" VALUES(124,6,10,19.99);
INSERT INTO "order_products" VALUES(125,14,1,9.59);
INSERT INTO "order_products" VALUES(125,7,1,43.95);
INSERT INTO "order_products" VALUES(125,10,1,4.99);
INSERT INTO "order_products" VALUES(125,23,1,2.99);
INSERT INTO "order_products" VALUES(126,28,10,14.05);
INSERT INTO "order_products" VALUES(127,17,1,31.98);
INSERT INTO "order_products" VALUES(127,28,11,14.05);
INSERT INTO "order_products" VALUES(127,25,1,7.99);
INSERT INTO "order_products" VALUES(127,10,1,4.99);
INSERT INTO "order_products" VALUES(127,22,1,84);
INSERT INTO "order_products" VALUES(128,14,1,11.99);
INSERT INTO "order_products" VALUES(128,11,3,12.99);
INSERT INTO "order_products" VALUES(128,27,9,16);
INSERT INTO "order_products" VALUES(128,23,1,2.99);
INSERT INTO "order_products" VALUES(128,13,1,20.74);
INSERT INTO "order_products" VALUES(128,22,5,89);
INSERT INTO "order_products" VALUES(129,27,9,20);
INSERT INTO "order_products" VALUES(129,12,2,3.99);
INSERT INTO "order_products" VALUES(129,27,3,16);
INSERT INTO "order_products" VALUES(129,3,1,169.99);
INSERT INTO "order_products" VALUES(130,8,1,15.25);
INSERT INTO "order_products" VALUES(131,27,1,20);
INSERT INTO "order_products" VALUES(132,2,1,174.99);
INSERT INTO "order_products" VALUES(132,10,2,4.99);
INSERT INTO "order_products" VALUES(132,12,5,3.99);
INSERT INTO "order_products" VALUES(132,18,4,26.52);
INSERT INTO "order_products" VALUES(132,16,3,24.99);
INSERT INTO "order_products" VALUES(132,28,7,17.56);
INSERT INTO "order_products" VALUES(132,7,9,35.16);
INSERT INTO "order_products" VALUES(132,17,1,31.98);
INSERT INTO "order_products" VALUES(132,4,1,28);
INSERT INTO "order_products" VALUES(132,11,1,12.99);
INSERT INTO "order_products" VALUES(132,1,2,191.76);
INSERT INTO "order_products" VALUES(132,2,2,164.99);
INSERT INTO "order_products" VALUES(133,2,6,174.99);
INSERT INTO "order_products" VALUES(133,21,11,119);
INSERT INTO "order_products" VALUES(133,10,1,4.99);
INSERT INTO "order_products" VALUES(133,16,1,19.99);
INSERT INTO "order_products" VALUES(133,23,1,2.99);
INSERT INTO "order_products" VALUES(133,13,4,20.74);
INSERT INTO "order_products" VALUES(133,29,1,10.33);
INSERT INTO "order_products" VALUES(134,4,1,35);
INSERT INTO "order_products" VALUES(134,23,1,2.99);
INSERT INTO "order_products" VALUES(134,9,1,8.29);
INSERT INTO "order_products" VALUES(134,13,1,20.74);
INSERT INTO "order_products" VALUES(134,10,2,4.99);
INSERT INTO "order_products" VALUES(134,23,4,2.39);
INSERT INTO "order_products" VALUES(134,28,1,14.05);
INSERT INTO "order_products" VALUES(134,14,6,11.99);
INSERT INTO "order_products" VALUES(134,16,5,19.99);
INSERT INTO "order_products" VALUES(135,5,9,19.99);
INSERT INTO "order_products" VALUES(135,22,1,99);
INSERT INTO "order_products" VALUES(135,3,1,149.99);
INSERT INTO "order_products" VALUES(135,3,1,169.99);
INSERT INTO "order_products" VALUES(135,8,4,12.2);
INSERT INTO "order_products" VALUES(136,7,1,38.95);
INSERT INTO "order_products" VALUES(137,23,3,2.39);
INSERT INTO "order_products" VALUES(137,4,1,35);
INSERT INTO "order_products" VALUES(138,12,1,3.99);
INSERT INTO "order_products" VALUES(138,16,1,19.99);
INSERT INTO "order_products" VALUES(138,9,1,8.29);
INSERT INTO "order_products" VALUES(138,20,1,14.78);
INSERT INTO "order_products" VALUES(138,15,1,27.93);
INSERT INTO "order_products" VALUES(138,7,7,35.16);
INSERT INTO "order_products" VALUES(138,3,1,169.99);
INSERT INTO "order_products" VALUES(138,12,4,3.19);
INSERT INTO "order_products" VALUES(138,12,1,3.19);
INSERT INTO "order_products" VALUES(138,11,1,10.39);
INSERT INTO "order_products" VALUES(138,7,5,38.95);
INSERT INTO "order_products" VALUES(138,13,1,16.59);
INSERT INTO "order_products" VALUES(138,26,1,39.99);
INSERT INTO "order_products" VALUES(138,16,9,19.99);
INSERT INTO "order_products" VALUES(138,15,1,27.93);
INSERT INTO "order_products" VALUES(138,18,3,26.52);
INSERT INTO "order_products" VALUES(138,26,1,49.99);
INSERT INTO "order_products" VALUES(139,27,1,20);
INSERT INTO "order_products" VALUES(140,1,1,191.76);
INSERT INTO "order_products" VALUES(141,28,7,17.56);
INSERT INTO "order_products" VALUES(141,20,6,18.47);
INSERT INTO "order_products" VALUES(142,1,1,176.76);
INSERT INTO "order_products" VALUES(142,18,2,33.15);
INSERT INTO "order_products" VALUES(143,22,5,99);
INSERT INTO "order_products" VALUES(143,26,1,39.99);
INSERT INTO "order_products" VALUES(143,25,8,9.99);
INSERT INTO "order_products" VALUES(143,13,1,16.59);
INSERT INTO "order_products" VALUES(143,9,4,8.29);
INSERT INTO "order_products" VALUES(143,14,1,9.59);
INSERT INTO "order_products" VALUES(143,8,1,12.2);
INSERT INTO "order_products" VALUES(143,25,6,9.99);
INSERT INTO "order_products" VALUES(143,21,4,114);
INSERT INTO "order_products" VALUES(144,14,11,11.99);
INSERT INTO "order_products" VALUES(144,29,4,8.26);
INSERT INTO "order_products" VALUES(145,6,1,24.99);
INSERT INTO "order_products" VALUES(145,12,7,3.19);
INSERT INTO "order_products" VALUES(145,10,10,3.99);
INSERT INTO "order_products" VALUES(145,6,1,24.99);
INSERT INTO "order_products" VALUES(145,15,1,34.91);
INSERT INTO "order_products" VALUES(145,8,2,15.25);
INSERT INTO "order_products" VALUES(145,22,4,99);
INSERT INTO "order_products" VALUES(146,26,1,39.99);
INSERT INTO "order_products" VALUES(146,17,1,25.58);
INSERT INTO "order_products" VALUES(146,23,1,2.39);
INSERT INTO "order_products" VALUES(147,17,1,31.98);
INSERT INTO "order_products" VALUES(148,29,1,8.26);
INSERT INTO "order_products" VALUES(148,20,1,14.78);
INSERT INTO "order_products" VALUES(149,20,1,18.47);
INSERT INTO "order_products" VALUES(150,29,5,8.26);
INSERT INTO "order_products" VALUES(150,13,5,16.59);
INSERT INTO "order_products" VALUES(150,21,1,129);
INSERT INTO "order_products" VALUES(151,19,1,14.23);
INSERT INTO "order_products" VALUES(152,13,3,20.74);
INSERT INTO "order_products" VALUES(153,25,3,7.99);
INSERT INTO "order_products" VALUES(153,14,2,9.59);
INSERT INTO "order_products" VALUES(153,19,6,14.23);
INSERT INTO "order_products" VALUES(153,2,1,159.99);
INSERT INTO "order_products" VALUES(153,1,4,186.76);
INSERT INTO "order_products" VALUES(153,1,1,171.76);
INSERT INTO "order_products" VALUES(153,19,7,17.79);
INSERT INTO "order_products" VALUES(153,24,1,19.99);
INSERT INTO "order_products" VALUES(154,4,1,28);
INSERT INTO "order_products" VALUES(154,17,2,31.98);
INSERT INTO "order_products" VALUES(154,24,9,19.99);
INSERT INTO "order_products" VALUES(154,8,1,15.25);
INSERT INTO "order_products" VALUES(154,9,1,10.36);
INSERT INTO "order_products" VALUES(154,12,5,3.99);
INSERT INTO "order_products" VALUES(154,22,1,99);
INSERT INTO "order_products" VALUES(154,25,5,7.99);
INSERT INTO "order_products" VALUES(154,26,1,39.99);
INSERT INTO "order_products" VALUES(154,25,2,9.99);
INSERT INTO "order_products" VALUES(154,14,1,11.99);
INSERT INTO "order_products" VALUES(154,5,8,19.99);
INSERT INTO "order_products" VALUES(154,16,2,19.99);
INSERT INTO "order_products" VALUES(154,3,1,169.99);
INSERT INTO "order_products" VALUES(154,28,3,17.56);
INSERT INTO "order_products" VALUES(154,17,3,26.98);
INSERT INTO "order_products" VALUES(154,25,3,9.99);
INSERT INTO "order_products" VALUES(155,29,3,8.26);
INSERT INTO "order_products" VALUES(156,19,1,14.23);
INSERT INTO "order_products" VALUES(156,18,8,26.52);
INSERT INTO "order_products" VALUES(157,8,2,12.2);
INSERT INTO "order_products" VALUES(157,19,1,14.23);
INSERT INTO "order_products" VALUES(157,28,6,17.56);
INSERT INTO "order_products" VALUES(157,2,1,154.99);
INSERT INTO "order_products" VALUES(157,13,4,16.59);
INSERT INTO "order_products" VALUES(158,22,1,84);
INSERT INTO "order_products" VALUES(159,7,1,43.95);
INSERT INTO "order_products" VALUES(159,7,1,43.95);
INSERT INTO "order_products" VALUES(159,5,1,24.99);
INSERT INTO "order_products" VALUES(160,21,3,109);
INSERT INTO "order_products" VALUES(161,10,1,3.99);
INSERT INTO "order_products" VALUES(161,15,1,34.91);
INSERT INTO "order_products" VALUES(161,5,1,19.99);
INSERT INTO "order_products" VALUES(161,19,1,14.23);
INSERT INTO "order_products" VALUES(161,6,1,24.99);
INSERT INTO "order_products" VALUES(161,20,1,14.78);
INSERT INTO "order_products" VALUES(161,2,1,169.99);
INSERT INTO "order_products" VALUES(161,8,1,12.2);
INSERT INTO "order_products" VALUES(162,18,1,33.15);
INSERT INTO "order_products" VALUES(163,6,1,19.99);
INSERT INTO "order_products" VALUES(163,25,1,7.99);
INSERT INTO "order_products" VALUES(163,7,1,38.95);
INSERT INTO "order_products" VALUES(163,12,1,3.99);
INSERT INTO "order_products" VALUES(164,3,4,169.99);
INSERT INTO "order_products" VALUES(164,11,1,10.39);
INSERT INTO "order_products" VALUES(165,19,1,17.79);
INSERT INTO "order_products" VALUES(165,5,2,24.99);
INSERT INTO "order_products" VALUES(165,5,1,24.99);
INSERT INTO "order_products" VALUES(165,12,10,3.19);
INSERT INTO "order_products" VALUES(166,14,6,9.59);
INSERT INTO "order_products" VALUES(167,20,1,14.78);
INSERT INTO "order_products" VALUES(167,22,3,79.2);
INSERT INTO "order_products" VALUES(168,28,4,17.56);
INSERT INTO "order_products" VALUES(168,2,1,174.99);
INSERT INTO "order_products" VALUES(168,29,2,10.33);
INSERT INTO "order_products" VALUES(168,7,1,35.16);
INSERT INTO "order_products" VALUES(168,16,1,24.99);
INSERT INTO "order_products" VALUES(168,2,5,169.99);
INSERT INTO "order_products" VALUES(168,26,6,49.99);
INSERT INTO "order_products" VALUES(168,18,1,28.15);
INSERT INTO "order_products" VALUES(168,28,1,17.56);
INSERT INTO "order_products" VALUES(168,17,1,31.98);
INSERT INTO "order_products" VALUES(168,4,1,35);
INSERT INTO "order_products" VALUES(168,2,1,174.99);
INSERT INTO "order_products" VALUES(168,8,1,15.25);
INSERT INTO "order_products" VALUES(168,26,1,49.99);
INSERT INTO "order_products" VALUES(168,10,1,4.99);
INSERT INTO "order_products" VALUES(168,22,5,79.2);
INSERT INTO "order_products" VALUES(168,21,1,114);
INSERT INTO "order_products" VALUES(169,28,1,14.05);
INSERT INTO "order_products" VALUES(169,23,1,2.39);
INSERT INTO "order_products" VALUES(170,21,3,129);
INSERT INTO "order_products" VALUES(170,19,2,14.23);
INSERT INTO "order_products" VALUES(171,5,1,19.99);
INSERT INTO "order_products" VALUES(172,14,1,9.59);
INSERT INTO "order_products" VALUES(173,18,2,33.15);
INSERT INTO "order_products" VALUES(174,27,1,20);
INSERT INTO "order_products" VALUES(175,21,1,129);
INSERT INTO "order_products" VALUES(176,18,9,26.52);
INSERT INTO "order_products" VALUES(176,17,1,31.98);
INSERT INTO "order_products" VALUES(177,29,2,8.26);
INSERT INTO "order_products" VALUES(178,7,1,43.95);
INSERT INTO "order_products" VALUES(178,11,1,12.99);
INSERT INTO "order_products" VALUES(178,14,1,11.99);
INSERT INTO "order_products" VALUES(178,27,1,20);
INSERT INTO "order_products" VALUES(179,19,1,17.79);
INSERT INTO "order_products" VALUES(180,9,5,10.36);
INSERT INTO "order_products" VALUES(180,12,1,3.19);
INSERT INTO "order_products" VALUES(180,3,10,169.99);
INSERT INTO "order_products" VALUES(180,6,3,24.99);
INSERT INTO "order_products" VALUES(180,19,1,14.23);
INSERT INTO "order_products" VALUES(180,29,7,10.33);
INSERT INTO "order_products" VALUES(180,10,9,3.99);
INSERT INTO "order_products" VALUES(180,7,2,43.95);
INSERT INTO "order_products" VALUES(180,8,4,12.2);
INSERT INTO "order_products" VALUES(180,15,1,34.91);
INSERT INTO "order_products" VALUES(180,11,1,12.99);
INSERT INTO "order_products" VALUES(180,9,2,8.29);
INSERT INTO "order_products" VALUES(181,16,1,19.99);
INSERT INTO "order_products" VALUES(181,2,1,174.99);
INSERT INTO "order_products" VALUES(181,18,1,28.15);
INSERT INTO "order_products" VALUES(182,13,5,16.59);
INSERT INTO "order_products" VALUES(182,29,1,10.33);
INSERT INTO "order_products" VALUES(182,1,5,181.76);
INSERT INTO "order_products" VALUES(182,1,1,181.76);
INSERT INTO "order_products" VALUES(182,1,5,191.76);
INSERT INTO "order_products" VALUES(182,26,1,39.99);
INSERT INTO "order_products" VALUES(183,4,1,30);
INSERT INTO "order_products" VALUES(184,28,4,14.05);
INSERT INTO "order_products" VALUES(185,28,1,14.05);
INSERT INTO "order_products" VALUES(185,24,1,19.99);
INSERT INTO "order_products" VALUES(185,11,4,12.99);
INSERT INTO "order_products" VALUES(186,2,1,174.99);
INSERT INTO "order_products" VALUES(187,13,4,16.59);
INSERT INTO "order_products" VALUES(188,15,4,27.93);
INSERT INTO "order_products" VALUES(188,1,1,176.76);
INSERT INTO "order_products" VALUES(188,29,3,10.33);
INSERT INTO "order_products" VALUES(188,4,1,35);
INSERT INTO "order_products" VALUES(188,20,1,18.47);
INSERT INTO "order_products" VALUES(188,29,1,8.26);
INSERT INTO "order_products" VALUES(188,11,1,10.39);
INSERT INTO "order_products" VALUES(189,27,1,16);
INSERT INTO "order_products" VALUES(189,27,3,16);
INSERT INTO "order_products" VALUES(189,17,2,31.98);
INSERT INTO "order_products" VALUES(189,19,2,14.23);
INSERT INTO "order_products" VALUES(189,23,1,2.39);
INSERT INTO "order_products" VALUES(189,2,5,169.99);
INSERT INTO "order_products" VALUES(190,20,5,14.78);
INSERT INTO "order_products" VALUES(191,29,1,10.33);
INSERT INTO "order_products" VALUES(192,5,1,24.99);
INSERT INTO "order_products" VALUES(192,3,2,169.99);
INSERT INTO "order_products" VALUES(192,23,2,2.99);
INSERT INTO "order_products" VALUES(193,24,1,19.99);
INSERT INTO "order_products" VALUES(194,5,2,24.99);
INSERT INTO "order_products" VALUES(195,16,9,24.99);
INSERT INTO "order_products" VALUES(195,5,1,24.99);
INSERT INTO "order_products" VALUES(196,11,1,10.39);
INSERT INTO "order_products" VALUES(197,5,1,19.99);
INSERT INTO "order_products" VALUES(197,14,6,11.99);
INSERT INTO "order_products" VALUES(197,17,1,25.58);
INSERT INTO "order_products" VALUES(197,9,1,10.36);
INSERT INTO "order_products" VALUES(197,1,4,181.76);
INSERT INTO "order_products" VALUES(197,10,3,3.99);
INSERT INTO "order_products" VALUES(198,1,1,186.76);
INSERT INTO "order_products" VALUES(199,13,1,20.74);
INSERT INTO "order_products" VALUES(199,13,4,16.59);
INSERT INTO "order_products" VALUES(199,27,1,16);
INSERT INTO "order_products" VALUES(199,2,1,174.99);
INSERT INTO "order_products" VALUES(199,19,10,17.79);
INSERT INTO "order_products" VALUES(199,29,1,8.26);
INSERT INTO "order_products" VALUES(199,19,4,17.79);
INSERT INTO "order_products" VALUES(199,22,7,89);
INSERT INTO "order_products" VALUES(199,16,8,19.99);
INSERT INTO "order_products" VALUES(199,15,7,29.91);
INSERT INTO "order_products" VALUES(199,12,11,3.19);
INSERT INTO "order_products" VALUES(199,22,3,89);
INSERT INTO "order_products" VALUES(199,2,5,174.99);
INSERT INTO "order_products" VALUES(199,15,1,27.93);
INSERT INTO "order_products" VALUES(199,3,4,169.99);
INSERT INTO "order_products" VALUES(199,4,1,35);
INSERT INTO "order_products" VALUES(200,21,2,129);
INSERT INTO "order_products" VALUES(201,5,4,24.99);
INSERT INTO "order_products" VALUES(201,17,2,25.58);
INSERT INTO "order_products" VALUES(202,29,4,8.26);
INSERT INTO "order_products" VALUES(203,22,1,79.2);
INSERT INTO "order_products" VALUES(203,9,2,10.36);
INSERT INTO "order_products" VALUES(203,3,1,169.99);
INSERT INTO "order_products" VALUES(203,20,1,14.78);
INSERT INTO "order_products" VALUES(203,6,4,19.99);
DELETE FROM sqlite_sequence;
INSERT INTO "sqlite_sequence" VALUES('users',87);
INSERT INTO "sqlite_sequence" VALUES('orders',203);
INSERT INTO "sqlite_sequence" VALUES('products',29);
COMMIT;
